{"max_open_trades":3,"stake_currency":"USDT","stake_amount":"unlimited","tradable_balance_ratio":0.99,"fiat_display_currency":"USD","timeframe":"5m","dry_run":true,"dry_run_wallet":1000,"cancel_open_orders_on_exit":false,"trading_mode":"spot","margin_mode":"isolated","unfilledtimeout":{"entry":10,"exit":10,"exit_timeout_count":0,"unit":"minutes"},"entry_pricing":{"price_side":"same","use_order_book":true,"order_book_top":1,"price_last_balance":0.0,"check_depth_of_market":{"enabled":false,"bids_to_ask_delta":1}},"plot_config":{"main_plot":{"sonic_h":{"color":"#2157f3"},"sonic_l":{"color":"#2157f3"},"sonic_c":{"color":"#2157f3"},"ema_369":{"color":"white"},"ema_630":{"color":"white"},"bb_upperband":{"color":"red"},"bb_lowerband":{"color":"green"}},"subplots":{"Moon":{"moon_illumination":{"color":"yellow"},"moon_phase_cat":{"color":"grey","type":"scatter"}},"SMC":{"dist_to_recent_high":{"color":"red"},"dist_to_recent_low":{"color":"green"}}}},"exit_pricing":{"price_side":"same","use_order_book":true,"order_book_top":1},"exchange":{"name":"binance","key":"REDACTED","secret":"REDACTED","ccxt_config":{},"ccxt_async_config":{},"pair_whitelist":["BTC/USDT","ETH/USDT"],"pair_blacklist":["BNB/.*",".*DOWN/.*",".*UP/.*",".*BEAR/.*",".*BULL/.*",".*KEEP/.*",".*STAKE/.*"]},"pairlists":[{"method":"StaticPairList"}],"telegram":{"enabled":false,"token":"REDACTED","chat_id":"REDACTED"},"api_server":{"enabled":true,"listen_ip_address":"0.0.0.0","listen_port":8080,"verbosity":"error","enable_openapi":false,"jwt_secret_key":"somethingrandom","CORS_origins":[],"username":"freqtrader","password":"REDACTED"},"bot_name":"freqtrade","initial_state":"running","force_entry_enable":false,"internals":{"process_throttle_secs":5},"freqai":{"enabled":true,"purge_old_models":true,"train_period_days":15,"backtest_period_days":7,"identifier":"freqai-xgboost","feature_parameters":{"include_timeframes":["5m","1h","4h"],"include_corr_pairlist":["BTC/USDT"],"label_period_candles":20,"include_shifted_candles":2,"indicator_periods_candles":[10,20],"plot_feature_importances":0},"data_split_parameters":{"test_size":0.33,"random_state":42},"model_training_parameters":{}},"config_files":["user_data/config.json"]}